{
 "script": "tgl_krein_signature_v1.py",
 "timestamp": "20260609_211031",
 "beta_tgl": 0.012031300400803142,
 "theta_miguel_deg": 6.297289216477979,
 "verdict": "PASS \u2014 todos os criterios pre-registrados",
 "runs": [
  {
   "n": 6,
   "seed": 11,
   "T1_gradient_relerr_max": 2.3851765645578316e-08,
   "T1_pass": true,
   "T2_isocost_maxdev": 2.1649348980190553e-15,
   "T2_pass": true,
   "T3_max_increase": -0.00011964212753363956,
   "T3_total_paid_nats": 0.11599210303222457,
   "T3_pass": "True",
   "T8_order_monotone": true,
   "T4_n_negative": 1,
   "T4_alignment_cocycle": 1.0,
   "T4_minkowski_normal_form_err": 2.886579864025407e-15,
   "T4_pass": true,
   "T5_halfcross_err": 2.0570594802193223e-15,
   "T5_pass": true,
   "T6_rate_relerr": 4.7285193840542645e-15,
   "T6_pass": "True",
   "T7_recon_err_max": 1.4146335969558225e-13,
   "T7_gauge_spread_mean": 294.88373587112545,
   "T7_sylvester_invariant": true,
   "T7_pass": true,
   "S_initial_nats": 0.22318267821372284
  },
  {
   "n": 6,
   "seed": 23,
   "T1_gradient_relerr_max": 7.039024192352484e-09,
   "T1_pass": true,
   "T2_isocost_maxdev": 1.7486012637846216e-15,
   "T2_pass": true,
   "T3_max_increase": -0.00010789143745817964,
   "T3_total_paid_nats": 0.12008124388607741,
   "T3_pass": "True",
   "T8_order_monotone": true,
   "T4_n_negative": 1,
   "T4_alignment_cocycle": 0.9999999999999998,
   "T4_minkowski_normal_form_err": 1.5543122344752192e-15,
   "T4_pass": true,
   "T5_halfcross_err": 1.4675873567295625e-15,
   "T5_pass": true,
   "T6_rate_relerr": 5.756652014297318e-15,
   "T6_pass": "True",
   "T7_recon_err_max": 1.9892007756748054e-13,
   "T7_gauge_spread_mean": 296.1325743821803,
   "T7_sylvester_invariant": true,
   "T7_pass": true,
   "S_initial_nats": 0.19888919862689464
  },
  {
   "n": 6,
   "seed": 83,
   "T1_gradient_relerr_max": 2.3767364246099216e-08,
   "T1_pass": true,
   "T2_isocost_maxdev": 1.887379141862766e-15,
   "T2_pass": true,
   "T3_max_increase": -7.348185134113672e-05,
   "T3_total_paid_nats": 0.08863685348861128,
   "T3_pass": "True",
   "T8_order_monotone": true,
   "T4_n_negative": 1,
   "T4_alignment_cocycle": 1.0,
   "T4_minkowski_normal_form_err": 1.7763568394002505e-15,
   "T4_pass": true,
   "T5_halfcross_err": 1.9716021762383494e-15,
   "T5_pass": true,
   "T6_rate_relerr": 2.61815054279715e-15,
   "T6_pass": "True",
   "T7_recon_err_max": 1.665519827623004e-13,
   "T7_gauge_spread_mean": 296.3602573575412,
   "T7_sylvester_invariant": true,
   "T7_pass": true,
   "S_initial_nats": 0.16040010536240368
  },
  {
   "n": 10,
   "seed": 11,
   "T1_gradient_relerr_max": 2.3761261578745435e-07,
   "T1_pass": true,
   "T2_isocost_maxdev": 4.6074255521944e-15,
   "T2_pass": true,
   "T3_max_increase": -0.00020039503302976547,
   "T3_total_paid_nats": 0.1776419826400608,
   "T3_pass": "True",
   "T8_order_monotone": true,
   "T4_n_negative": 1,
   "T4_alignment_cocycle": 0.9999999999999999,
   "T4_minkowski_normal_form_err": 2.6645352591003757e-15,
   "T4_pass": true,
   "T5_halfcross_err": 2.6480971587497974e-15,
   "T5_pass": true,
   "T6_rate_relerr": 4.406565348174274e-15,
   "T6_pass": "True",
   "T7_recon_err_max": 8.150565965696144e-13,
   "T7_gauge_spread_mean": 1392.3912079163879,
   "T7_sylvester_invariant": true,
   "T7_pass": true,
   "S_initial_nats": 0.38747916695190027
  },
  {
   "n": 10,
   "seed": 23,
   "T1_gradient_relerr_max": 5.1951892622266124e-08,
   "T1_pass": true,
   "T2_isocost_maxdev": 2.609024107869118e-15,
   "T2_pass": true,
   "T3_max_increase": -0.00011314548635094068,
   "T3_total_paid_nats": 0.08100404472842987,
   "T3_pass": "True",
   "T8_order_monotone": true,
   "T4_n_negative": 1,
   "T4_alignment_cocycle": 0.9999999999999998,
   "T4_minkowski_normal_form_err": 2.3314683517128287e-15,
   "T4_pass": true,
   "T5_halfcross_err": 2.1109772782750017e-15,
   "T5_pass": true,
   "T6_rate_relerr": 4.617978666223002e-15,
   "T6_pass": "True",
   "T7_recon_err_max": 8.214740795889651e-13,
   "T7_gauge_spread_mean": 1391.0635895379146,
   "T7_sylvester_invariant": true,
   "T7_pass": true,
   "S_initial_nats": 0.2660474063351634
  },
  {
   "n": 10,
   "seed": 83,
   "T1_gradient_relerr_max": 2.197519415483957e-07,
   "T1_pass": true,
   "T2_isocost_maxdev": 3.2751579226442118e-15,
   "T2_pass": true,
   "T3_max_increase": -0.0001673015110131848,
   "T3_total_paid_nats": 0.1477239472291183,
   "T3_pass": "True",
   "T8_order_monotone": true,
   "T4_n_negative": 1,
   "T4_alignment_cocycle": 1.0,
   "T4_minkowski_normal_form_err": 1.887379141862766e-15,
   "T4_pass": true,
   "T5_halfcross_err": 3.0488236217678166e-15,
   "T5_pass": true,
   "T6_rate_relerr": 1.3597179847367227e-14,
   "T6_pass": "True",
   "T7_recon_err_max": 6.986611371600916e-13,
   "T7_gauge_spread_mean": 1396.6116041174146,
   "T7_sylvester_invariant": true,
   "T7_pass": true,
   "S_initial_nats": 0.36986625470958834
  }
 ],
 "notes": {
  "axiom_vs_verified": "O sinal '-' da direcao outer e o axioma do Operador (Ax.A); a sombra verifica unicidade, alinhamento ao cociclo, iso-custo modular, monotonia de Spohn, Wick=Tomita e a metrica da fatia.",
  "T6_discovery": "A metrica espacial do nucleo W*(K) emerge do GKSL: ds = sqrt(beta) |d sqrt(k)| \u2014 o radical g=sqrt|L| inscrito na distancia da Palavra."
 }
}