{
 "script": "tgl_nominal_order_v1.py",
 "timestamp": "20260710_164644",
 "beta_tgl": 0.012031300400803142,
 "rites": [
  "sqrt",
  "id",
  "square",
  "log1p",
  "warped"
 ],
 "runs": [
  {
   "n": 4,
   "seed": 11,
   "N1_errs": {
    "sqrt": 6.19178813984025e-27,
    "id": 6.191788282939543e-27,
    "square": 6.191788139835696e-27,
    "log1p": 6.191788139835696e-27,
    "warped": 6.191788139835701e-27
   },
   "N1_gaps_over_beta": {
    "sqrt": 0.029547563063006262,
    "id": 0.285572651582878,
    "square": 2.955275704673866,
    "log1p": 0.0230840332630257,
    "warped": 0.17259847237929637
   },
   "N1_pass": true,
   "N2_dist_to_EK": 1.1198558548974005,
   "N2_err_to_EL": 6.526084428485182e-14,
   "N2_pass": true,
   "N3_err_max": 2.1372447723982562e-13,
   "N3_pass": true,
   "N4_max_purity_increase": -1.7443472667411086e-05,
   "N4_pass": true
  },
  {
   "n": 4,
   "seed": 23,
   "N1_errs": {
    "sqrt": 6.1917881398339154e-27,
    "id": 6.499284767056702e-27,
    "square": 6.1917881398356524e-27,
    "log1p": 6.191788139835696e-27,
    "warped": 6.191788139835696e-27
   },
   "N1_gaps_over_beta": {
    "sqrt": 0.014981399900782448,
    "id": 0.14972639021668438,
    "square": 2.335512426538258,
    "log1p": 0.01223025180782557,
    "warped": 0.08684189314698477
   },
   "N1_pass": true,
   "N2_dist_to_EK": 1.1141315714088247,
   "N2_err_to_EL": 2.8644553449239493e-13,
   "N2_pass": true,
   "N3_err_max": 5.457857965595385e-13,
   "N3_pass": true,
   "N4_max_purity_increase": -4.511389752820394e-05,
   "N4_pass": true
  },
  {
   "n": 4,
   "seed": 83,
   "N1_errs": {
    "sqrt": 6.191788139835653e-27,
    "id": 6.191788139835696e-27,
    "square": 6.1917881398357414e-27,
    "log1p": 6.191788139835696e-27,
    "warped": 6.191788139835696e-27
   },
   "N1_gaps_over_beta": {
    "sqrt": 0.006952959237383509,
    "id": 0.08214793055717377,
    "square": 1.959303341785036,
    "log1p": 0.0052551514144576605,
    "warped": 0.04107334919855165
   },
   "N1_pass": true,
   "N2_dist_to_EK": 1.082687871651266,
   "N2_err_to_EL": 1.2824743503100407e-13,
   "N2_pass": true,
   "N3_err_max": 9.774066848491364e-13,
   "N3_pass": true,
   "N4_max_purity_increase": -2.440131407532853e-05,
   "N4_pass": true
  },
  {
   "n": 6,
   "seed": 11,
   "N1_errs": {
    "sqrt": 5.055573846004691e-27,
    "id": 5.055573846004691e-27,
    "square": 5.055573846004691e-27,
    "log1p": 5.055573846004691e-27,
    "warped": 5.055573846004728e-27
   },
   "N1_gaps_over_beta": {
    "sqrt": 0.0023528380659544345,
    "id": 0.02840916390268432,
    "square": 0.5596483453025896,
    "log1p": 0.001759170708193909,
    "warped": 0.014037163845086773
   },
   "N1_pass": true,
   "N2_dist_to_EK": 1.2175089265713603,
   "N2_err_to_EL": 4.936795292438383e-13,
   "N2_pass": true,
   "N3_err_max": 2.050363920309275e-12,
   "N3_pass": true,
   "N4_max_purity_increase": -2.4983148566637414e-05,
   "N4_pass": true
  },
  {
   "n": 6,
   "seed": 23,
   "N1_errs": {
    "sqrt": 5.055573846077386e-27,
    "id": 5.055573846004691e-27,
    "square": 5.055573846004891e-27,
    "log1p": 5.055578603663303e-27,
    "warped": 5.055573846004691e-27
   },
   "N1_gaps_over_beta": {
    "sqrt": 0.00882716566918951,
    "id": 0.09634120549091739,
    "square": 1.352140095742091,
    "log1p": 0.006929606031357826,
    "warped": 0.050905927174957254
   },
   "N1_pass": true,
   "N2_dist_to_EK": 1.209966431751682,
   "N2_err_to_EL": 7.797858558764063e-13,
   "N2_pass": true,
   "N3_err_max": 8.309121077869726e-13,
   "N3_pass": true,
   "N4_max_purity_increase": -2.9631332399859822e-05,
   "N4_pass": true
  },
  {
   "n": 6,
   "seed": 83,
   "N1_errs": {
    "sqrt": 5.055573846004691e-27,
    "id": 5.055573846004656e-27,
    "square": 5.055573846004655e-27,
    "log1p": 5.055573846004691e-27,
    "warped": 5.055573846004656e-27
   },
   "N1_gaps_over_beta": {
    "sqrt": 0.002107118418131196,
    "id": 0.029065465685064292,
    "square": 0.4536032935902596,
    "log1p": 0.0014687906996995522,
    "warped": 0.014850868305383094
   },
   "N1_pass": true,
   "N2_dist_to_EK": 1.1964203074198847,
   "N2_err_to_EL": 7.157917523432118e-13,
   "N2_pass": true,
   "N3_err_max": 3.969167492116369e-12,
   "N3_pass": true,
   "N4_max_purity_increase": -4.648261805562104e-05,
   "N4_pass": true
  }
 ],
 "verdict": "PASS \u2014 dentro da ordem, o terminal independe do rito; fora dela, outra verdade; a ordem transporta-se; o inalcancavel coage para longe de p=1",
 "anchors": [
  "Radzikowski 1996 (Hadamard = condicao microlocal geometrica: a ordem nominal tem nome)",
  "Verch 1994 (quase-equivalencia local: a classe outer e estado-independente dentro da ordem)",
  "Fewster-Verch 2012 (no-go evadido: ordem, nao estado)"
 ],
 "claim": "A covariancia vem do Direito como ordem comum, nao da escolha de um juiz comum (Operador, jun/2026)."
}