{
 "script": "tgl_krein_signature_v1.py",
 "timestamp": "20260710_164641",
 "beta_tgl": 0.012031300400803142,
 "theta_miguel_deg": 6.297289216477979,
 "verdict": "PASS \u2014 todos os criterios pre-registrados",
 "runs": [
  {
   "n": 6,
   "seed": 11,
   "T1_gradient_relerr_max": 2.5664673295450426e-08,
   "T1_pass": true,
   "T2_isocost_maxdev": 2.248201624865942e-15,
   "T2_pass": true,
   "T3_max_increase": -0.00011964212753373671,
   "T3_total_paid_nats": 0.11599210303222304,
   "T3_pass": "True",
   "T8_order_monotone": true,
   "T4_n_negative": 1,
   "T4_alignment_cocycle": 1.0000000000000002,
   "T4_minkowski_normal_form_err": 1.7763568394002505e-15,
   "T4_pass": true,
   "T5_halfcross_err": 1.6792649053884453e-15,
   "T5_pass": true,
   "T6_rate_relerr": 4.934107183360953e-15,
   "T6_pass": "True",
   "T7_recon_err_max": 1.3546208515188186e-13,
   "T7_gauge_spread_mean": 294.88373587112545,
   "T7_sylvester_invariant": true,
   "T7_pass": true,
   "S_initial_nats": 0.22318267821372145
  },
  {
   "n": 6,
   "seed": 23,
   "T1_gradient_relerr_max": 7.097701097771264e-09,
   "T1_pass": true,
   "T2_isocost_maxdev": 2.7755575615628914e-15,
   "T2_pass": true,
   "T3_max_increase": -0.00010789143745736085,
   "T3_total_paid_nats": 0.12008124388607651,
   "T3_pass": "True",
   "T8_order_monotone": true,
   "T4_n_negative": 1,
   "T4_alignment_cocycle": 1.0000000000000004,
   "T4_minkowski_normal_form_err": 3.3306690738754696e-15,
   "T4_pass": true,
   "T5_halfcross_err": 1.547715385275336e-15,
   "T5_pass": true,
   "T6_rate_relerr": 4.173572710365556e-15,
   "T6_pass": "True",
   "T7_recon_err_max": 1.9419774114926005e-13,
   "T7_gauge_spread_mean": 296.1325743821803,
   "T7_sylvester_invariant": true,
   "T7_pass": true,
   "S_initial_nats": 0.19888919862689386
  },
  {
   "n": 6,
   "seed": 83,
   "T1_gradient_relerr_max": 2.3812952720183547e-08,
   "T1_pass": true,
   "T2_isocost_maxdev": 1.7208456881689926e-15,
   "T2_pass": true,
   "T3_max_increase": -7.348185134185836e-05,
   "T3_total_paid_nats": 0.08863685348861063,
   "T3_pass": "True",
   "T8_order_monotone": true,
   "T4_n_negative": 1,
   "T4_alignment_cocycle": 1.0,
   "T4_minkowski_normal_form_err": 2.220446049250313e-15,
   "T4_pass": true,
   "T5_halfcross_err": 9.464742870862811e-16,
   "T5_pass": true,
   "T6_rate_relerr": 3.1999617745298568e-15,
   "T6_pass": "True",
   "T7_recon_err_max": 1.7542705152252897e-13,
   "T7_gauge_spread_mean": 296.3602573575412,
   "T7_sylvester_invariant": true,
   "T7_pass": true,
   "S_initial_nats": 0.16040010536240304
  },
  {
   "n": 10,
   "seed": 11,
   "T1_gradient_relerr_max": 2.2684335636864468e-07,
   "T1_pass": true,
   "T2_isocost_maxdev": 2.6645352591003757e-15,
   "T2_pass": true,
   "T3_max_increase": -0.00020039503302982098,
   "T3_total_paid_nats": 0.17764198264006187,
   "T3_pass": "True",
   "T8_order_monotone": true,
   "T4_n_negative": 1,
   "T4_alignment_cocycle": 1.0000000000000002,
   "T4_minkowski_normal_form_err": 2.9976021664879227e-15,
   "T4_pass": true,
   "T5_halfcross_err": 1.6893793961552365e-15,
   "T5_pass": true,
   "T6_rate_relerr": 9.8300303920811e-15,
   "T6_pass": "True",
   "T7_recon_err_max": 8.606418942374277e-13,
   "T7_gauge_spread_mean": 1392.3912079163879,
   "T7_sylvester_invariant": true,
   "T7_pass": true,
   "S_initial_nats": 0.38747916695190193
  },
  {
   "n": 10,
   "seed": 23,
   "T1_gradient_relerr_max": 4.9758286851276966e-08,
   "T1_pass": true,
   "T2_isocost_maxdev": 2.275957200481571e-15,
   "T2_pass": true,
   "T3_max_increase": -0.00011314548634866473,
   "T3_total_paid_nats": 0.08100404472842948,
   "T3_pass": "True",
   "T8_order_monotone": true,
   "T4_n_negative": 1,
   "T4_alignment_cocycle": 1.0,
   "T4_minkowski_normal_form_err": 2.7755575615628914e-15,
   "T4_pass": true,
   "T5_halfcross_err": 2.5266232256539304e-15,
   "T5_pass": true,
   "T6_rate_relerr": 8.095715686464997e-15,
   "T6_pass": "True",
   "T7_recon_err_max": 8.150106607001101e-13,
   "T7_gauge_spread_mean": 1391.0635895379146,
   "T7_sylvester_invariant": true,
   "T7_pass": true,
   "S_initial_nats": 0.26604740633516255
  },
  {
   "n": 10,
   "seed": 83,
   "T1_gradient_relerr_max": 2.2821956032707275e-07,
   "T1_pass": true,
   "T2_isocost_maxdev": 4.052314039881821e-15,
   "T2_pass": true,
   "T3_max_increase": -0.00016730151101335133,
   "T3_total_paid_nats": 0.14772394722911703,
   "T3_pass": "True",
   "T8_order_monotone": true,
   "T4_n_negative": 1,
   "T4_alignment_cocycle": 0.9999999999999996,
   "T4_minkowski_normal_form_err": 2.6645352591003757e-15,
   "T4_pass": true,
   "T5_halfcross_err": 2.614990631436186e-15,
   "T5_pass": true,
   "T6_rate_relerr": 5.969493591527069e-15,
   "T6_pass": "True",
   "T7_recon_err_max": 5.866410736176685e-13,
   "T7_gauge_spread_mean": 1396.6116041174146,
   "T7_sylvester_invariant": true,
   "T7_pass": true,
   "S_initial_nats": 0.36986625470958945
  }
 ],
 "notes": {
  "axiom_vs_verified": "O sinal '-' da direcao outer e o axioma do Operador (Ax.A); a sombra verifica unicidade, alinhamento ao cociclo, iso-custo modular, monotonia de Spohn, Wick=Tomita e a metrica da fatia.",
  "T6_discovery": "A metrica espacial do nucleo W*(K) emerge do GKSL: ds = sqrt(beta) |d sqrt(k)| \u2014 o radical g=sqrt|L| inscrito na distancia da Palavra."
 }
}