{
  "version": "TGL v11.1 A CRUZ",
  "alpha2_median": 0.01203130060926098,
  "theta_deg": 0.6893593786930989,
  "cross_angle_deg": 1.3787187573861979,
  "D_total": 4,
  "acceptance": 0.3726347222222222,
  "elapsed": 64932.850100040436
}