{
  "version": "v5.3",
  "protocol": "#11",
  "title": "Referencia a Constante da Luz em c3",
  "timestamp": "20260208_074733",
  "gpu": "NVIDIA GeForce RTX 5090 (34.2 GB)",
  "method": "Superoperador exato (NumPy) + M6 Bandwidth + M7 Dobras",
  "alpha2": 0.012031,
  "total_time_s": 370.87888383865356,
  "configs_total": 9,
  "configs_converged": 9,
  "M1_recursive_depth": {
    "depths": [
      1,
      1,
      1,
      1,
      1,
      1,
      1,
      1,
      1
    ],
    "all_converged": true,
    "rating": "*****/5"
  },
  "M2_universality": {
    "std_cci": 0.0,
    "universal": "True",
    "rating": "*****/5"
  },
  "M3_lindblad": {
    "gamma_stars": [
      0.024364134653535964,
      0.010103821926604528,
      0.00732462924660161,
      0.00778565511177064,
      0.003236957146231189,
      0.007204247419199203,
      0.004792330640930607,
      0.002986693186844695,
      0.0050457294127809445
    ],
    "dims": [
      8,
      10,
      12,
      14,
      16,
      16,
      20,
      24,
      32
    ],
    "holographic_beta": 1.166369228051541,
    "rating": "****/5"
  },
  "M4_functional": {
    "leaks_at_min": [
      0.0026148232130627225,
      0.0073193038826433465,
      0.006316251776644299,
      0.003122119861646677,
      0.00998099264868546,
      0.0032279413615230457,
      0.008072427938621951,
      0.010555049684574103,
      0.0035605027486872443
    ],
    "deviations_pct": [
      78.26595284629107,
      39.16296332272175,
      47.50019302930513,
      74.04937360446615,
      17.039376205756295,
      73.16980000396438,
      32.90310083432839,
      12.267893902634007,
      70.405595971347
    ],
    "mean_deviation": 49.41824996897935,
    "best_deviation": 12.267893902634007,
    "best_dim": 24,
    "rating": "*****/5"
  },
  "M5_cross_scale": {
    "n_protocols": 10,
    "mean_alpha2": 0.011369142,
    "std_alpha2": 0.0011650484803114418,
    "cv_pct": 10.247461772501758,
    "scales": {
      "Ontologica": 2,
      "Micro-quantica": 3,
      "Informacao": 1,
      "Cosmologica": 4
    },
    "hierarchies": {
      "c2": 5,
      "c1": 3,
      "c3": 1,
      "c2->c3": 1
    },
    "rating": "*****/5"
  },
  "M6_bandwidth": {
    "cascata_all_valid": true,
    "mean_ratio_c3_c1": 40.791037950757556,
    "cost_per_level_theory": 0.2291398242206036,
    "best_alpha2_bandwidth": 0.05415212348124573,
    "delta_S_per_tick": 0.008339253729316702,
    "omega_graviton_Hz": 1.8548586578231776e+43,
    "rating": "****/5"
  },
  "M7_dimensional_folds": {
    "hierarchy_all_valid": true,
    "converging_to_zero": true,
    "mean_n_folds_c1": 2.0702558565107854,
    "mean_n_folds_c2": 1.6582856724362867,
    "mean_n_folds_c3": 0.7374765614720792,
    "mean_dev_c1_from_3folds_pct": 8.545965637353648,
    "mean_dev_c2_from_2folds_pct": 11.073249676169352,
    "mean_delta_folds_c1_c2": 0.3763604075348997,
    "mean_delta_folds_c2_c3": 0.842168284427807,
    "rating": "*****/5"
  },
  "global_verdict": "***** (5/5)",
  "stars_total": 33,
  "stars_max": 35,
  "per_dim_results": [
    {
      "dim": 8,
      "nc": 2,
      "gamma_star": 0.024364134653535964,
      "CCI": 0.987969,
      "purity": 0.4959109698500759,
      "alpha2_from_purity": 0.0041001975027836176,
      "S_ratio": 0.36058842415311537,
      "flux_ratio": 0.9499733688799875,
      "gap_over_E": 0.003361957455646591,
      "TETELESTAI_series": [
        0.987969,
        0.8692418161123783,
        0.6139134238090769,
        0.4261523996621023,
        0.3334568851704574,
        0.29025286223565827
      ],
      "M1_depth": 1,
      "M4_leak": 0.0026148232130627225,
      "M4_deviation": 78.26595284629107,
      "M6_cci_c1": 0.987969,
      "M6_cci_c2": 0.8692418161123783,
      "M6_cci_c3": 0.6139134238090769,
      "M6_cascata": true,
      "M6_leak_ratio": 32.09097965180972,
      "M6_tetelestai": [
        0.987969,
        0.8692418161123783,
        0.6139134238090769,
        0.4261523996621023,
        0.3334568851704574,
        0.29025286223565827
      ],
      "M7_d_folds_c1": 1.3780826770412342,
      "M7_d_folds_c2": 1.1230147750929185,
      "M7_d_folds_c3": 0.5526703689545642,
      "M7_n_folds_c1": 1.9881530441023756,
      "M7_n_folds_c2": 1.620167846871588,
      "M7_n_folds_c3": 0.7973348005370235,
      "M7_d_eff_c1": 2.016490984868354,
      "M7_d_eff_c2": 2.6023809255446606,
      "M7_d_eff_c3": 4.603289574126593,
      "M7_hierarchy_valid": true,
      "M7_delta_folds_c1_c2": 0.25506790194831575,
      "M7_delta_folds_c2_c3": 0.5703444061383542
    },
    {
      "dim": 10,
      "nc": 2,
      "gamma_star": 0.010103821926604528,
      "CCI": 0.987968999999998,
      "purity": 0.4894515382581931,
      "alpha2_from_purity": 0.010618837434756563,
      "S_ratio": 0.33166427383947333,
      "flux_ratio": 0.8081837284479156,
      "gap_over_E": 0.0015753222566529217,
      "TETELESTAI_series": [
        0.987968999999998,
        0.8409836219702037,
        0.5454039610689799,
        0.3568588572496916,
        0.2720944159878382,
        0.23429772745369926
      ],
      "M1_depth": 1,
      "M4_leak": 0.0073193038826433465,
      "M4_deviation": 39.16296332272175,
      "M6_cci_c1": 0.987968999999998,
      "M6_cci_c2": 0.8409836219702037,
      "M6_cci_c3": 0.5454039610689799,
      "M6_cascata": true,
      "M6_leak_ratio": 37.78539098420281,
      "M6_tetelestai": [
        0.987968999999998,
        0.8409836219702037,
        0.5454039610689799,
        0.3568588572496916,
        0.2720944159878382,
        0.23429772745369926
      ],
      "M7_d_folds_c1": 1.5881152685445101,
      "M7_d_folds_c2": 1.2764397493233992,
      "M7_d_folds_c3": 0.5710029785281354,
      "M7_n_folds_c1": 2.069129093265545,
      "M7_n_folds_c2": 1.6630522188393668,
      "M7_n_folds_c3": 0.7439503281752705,
      "M7_d_eff_c1": 2.043103191704519,
      "M7_d_eff_c2": 2.7902894714820294,
      "M7_d_eff_c3": 5.649585131819935,
      "M7_hierarchy_valid": true,
      "M7_delta_folds_c1_c2": 0.3116755192211109,
      "M7_delta_folds_c2_c3": 0.7054367707952638
    },
    {
      "dim": 12,
      "nc": 2,
      "gamma_star": 0.00732462924660161,
      "CCI": 0.9879690000000312,
      "purity": 0.540208163472356,
      "alpha2_from_purity": 5.9608609865491405e-06,
      "S_ratio": 0.2852550583338901,
      "flux_ratio": 0.6786804324199112,
      "gap_over_E": 0.0015526151751823296,
      "TETELESTAI_series": [
        0.9879690000000312,
        0.8344710637145742,
        0.5160165937409277,
        0.31999200507365766,
        0.2357121145488707,
        0.1991698538625864
      ],
      "M1_depth": 1,
      "M4_leak": 0.006316251776644299,
      "M4_deviation": 47.50019302930513,
      "M6_cci_c1": 0.9879690000000312,
      "M6_cci_c2": 0.8344710637145742,
      "M6_cci_c3": 0.5160165937409277,
      "M6_cascata": true,
      "M6_leak_ratio": 40.228028115728264,
      "M6_tetelestai": [
        0.9879690000000312,
        0.8344710637145742,
        0.5160165937409277,
        0.31999200507365766,
        0.2357121145488707,
        0.1991698538625864
      ],
      "M7_d_folds_c1": 1.869105923994578,
      "M7_d_folds_c2": 1.4708691008789523,
      "M7_d_folds_c3": 0.6578571330518563,
      "M7_n_folds_c1": 2.2565506726227005,
      "M7_n_folds_c2": 1.775763811092589,
      "M7_n_folds_c3": 0.7942235573814993,
      "M7_d_eff_c1": 1.8511382604294402,
      "M7_d_eff_c2": 2.7567089226700885,
      "M7_d_eff_c3": 6.2155207876906715,
      "M7_hierarchy_valid": true,
      "M7_delta_folds_c1_c2": 0.3982368231156257,
      "M7_delta_folds_c2_c3": 0.813011967827096
    },
    {
      "dim": 14,
      "nc": 2,
      "gamma_star": 0.00778565511177064,
      "CCI": 0.9879690000001442,
      "purity": 0.49799269872723995,
      "alpha2_from_purity": 0.002010660902583966,
      "S_ratio": 0.28529738835958696,
      "flux_ratio": 0.9403841016310698,
      "gap_over_E": 0.0005991216289309982,