{
  "protocol": 16,
  "version": "4.1",
  "timestamp": "20260325_163804",
  "beta_tgl": 0.012031300400803142,
  "alpha": 0.0072973525693,
  "sqrt_e": 1.6487212707001282,
  "theta_miguel_deg": 6.297289216477979,
  "nufit_source": "NuFIT(nufit_auto.html)",
  "planck": {
    "source": "Planck2018-paper-fallback (A&A 641 A6, Table 1)",
    "omegabh2": 0.02237,
    "omegach2": 0.12,
    "H0": 67.36,
    "H0_err": 0.54,
    "omegam": 0.3137721026737606
  },
  "neutrinos": {
    "m1_meV": 0.6015650200401571,
    "m2_meV": 8.681122074555564,
    "m3_meV": 50.00361867378536,
    "sum_meV": 59.28630576838108,
    "sum_eV": 0.05928630576838108,
    "m2_geo_meV": 8.507414099900329,
    "m2_geo_dev_pct": 2.000985277748539,
    "m_psion_33_meV": 98.80402023278768,
    "m_psion_22_meV": 17.153353774121086
  },
  "cosmology": {
    "H0_planck": 67.36,
    "H0_tgl": 68.18029764235129,
    "tension_sigma_proj": 4.672790728508379,
    "tension_sigma": 4.672790728508379,
    "env_ratio_observed": 1.0843230403800477,
    "env_range": [
      1.05,
      1.1
    ],
    "env_consistent": true,
    "env_delta_inferred": 0.08432304038004768,
    "R_tgl": 1.7482378909939384,
    "R_lcdm": 1.7573359836809395,
    "R_sigma": 0.07596067649479216,
    "w_tgl": -0.9998552478106656,
    "omega_nu": 0.0006365289431863976
  },
  "neural": {
    "Q": {
      "gap": 0.012542051143304866,
      "gap_dev_pct": 4.245183192896,
      "hd": 1.5924029706559034e-13,
      "diss": true,
      "vf": 0.59130859375,
      "r_mean": 0.5243935585021973,
      "fresnel": 32.136913454362016,
      "fresnel_dev_pct": 2.065864690699165,
      "decorr": [
        0.008519224221868793,
        0.00951456960882624,
        0.007759398423243136,
        0.008496000226816847,
        0.00799148231039093,
        0.007395435709675935,
        0.00896565669992988,
        0.008594924757672873,
        0.005413920168044206,
        0.01366677351143919,
        0.014746628621404412,
        0.007349794743320981,
        0.005222768823494817,
        0.004119418515946549,
        0.013574122828212354
      ],
      "sign_changes": 8,
      "ring_widths": [
        42.52893368217131,
        32.861937280167965,
        26.362847082333566,
        33.78592408638998,
        25.4784964556947,
        35.99096399174192,
        33.313042244900046,
        28.408497242629327,
        31.41180752663013,
        35.23115370391857,
        29.800165183049916,
        24.462106618609408,
        33.36490194427288,
        35.064322717581796,
        36.592484278518036,
        29.533031231182676
      ],
      "betti2": 1,
      "homology": {
        "method": "toroidal_embedding_v2",
        "n_points": 600,
        "n_layer_pairs": 85,
        "separations_used": [
          1,
          2,
          3,
          4,
          5,
          6,
          7,
          "edge"
        ],
        "dim0_max_lifetime": 1.454470157623291,
        "dim0_n_features": 599,
        "dim1_max_lifetime": 0.15474121272563934,
        "dim1_n_features": 133,
        "dim2_max_lifetime": 0.0011189281940460205,
        "dim2_n_features": 1,
        "betti_numbers": [
          77,
          77,
          1
        ],
        "expected_torus": [
          1,
          2,
          1
        ],
        "b0_ok": false,
        "b1_ok": true,
        "b2_ok": true,
        "torus_signature": false
      }
    },
    "K": {
      "gap": 0.011218989606191943,
      "gap_dev_pct": 6.751645853319185,
      "hd": 2.4369676613547117e-13,
      "diss": true,
      "vf": 0.638671875,
      "r_mean": 0.5212812423706055,
      "fresnel": 28.953079787568598,
      "fresnel_dev_pct": 8.045894694473589,
      "decorr": [
        0.003158519308848029,
        0.004352052682784602,
        0.005662502600484176,
        0.00507846840600823,
        0.006912149222499053,
        0.006146081177429652,
        0.006215772224456795,
        0.008872525113218899,
        0.011454634937972608,
        0.013420455077940652,
        0.011137449623066842,
        0.013017476413455853,
        0.00830285284542931,
        0.00662657833068625,
        0.004127799692752565
      ],
      "sign_changes": 7,
      "ring_widths": [
        36.787162175693204,
        33.436859555271,
        34.021700809627326,
        30.92011719075523,
        31.269605570535614,
        27.779733708182217,
        25.092897477701054,
        29.754680702832562,
        29.568210926439825,
        26.791505017546623,
        23.34007455958502,
        26.792064085990802,
        22.225650750597108,
        26.4558072734151,
        28.1964821923245,
        30.816724604600342
      ],
      "betti2": 1,
      "homology": {
        "method": "toroidal_embedding_v2",
        "n_points": 600,
        "n_layer_pairs": 85,
        "separations_used": [
          1,
          2,
          3,
          4,
          5,
          6,
          7,
          "edge"
        ],
        "dim0_max_lifetime": 2.995788812637329,
        "dim0_n_features": 599,
        "dim1_max_lifetime": 0.10569088160991669,
        "dim1_n_features": 130,
        "dim2_max_lifetime": 0.003817722201347351,
        "dim2_n_features": 1,
        "betti_numbers": [
          9,
          76,
          1
        ],
        "expected_torus": [
          1,
          2,
          1
        ],
        "b0_ok": false,
        "b1_ok": true,
        "b2_ok": true,
        "torus_signature": false
      }
    },
    "V": {
      "gap": 0.022562906667113913,
      "gap_dev_pct": 87.53506200882275,
      "hd": 1.8003502017680374e-13,
      "diss": true,
      "vf": 0.3916015625,
      "r_mean": 0.5259152054786682,
      "fresnel": 47.73329764269559,
      "fresnel_dev_pct": 51.599508937251656,
      "decorr": [
        0.0034687681258951386,
        0.003668897215181155,
        0.0033854156777426425,
        0.0009930055041348362,
        0.002361630147710958,
        0.001969699691839688,
        0.0021425869979269097
      ],
      "sign_changes": 4,
      "ring_widths": [
        40.48209713421181,
        47.25121250119439,
        51.13836810863252,
        53.80103581023429,
        36.95105978512014,
        53.4651996233767,
        51.40158887557721,
        47.37581930321764
      ],
      "betti2": -1,
      "homology": {
        "status": "skipped"
      }
    },
    "O": {
      "gap": 0.004155640799186067,
      "gap_dev_pct": 65.45975363636785,
      "hd": 1.8628327971510982e-13,
      "diss": true,
      "vf": 0.296142578125,
      "r_mean": 0.5314745306968689,
      "fresnel": 59.611593606118646,
      "fresnel_dev_pct": 89.32461748821794,
      "decorr": [
        0.0008614989192461397,
        0.0008528361082762448,
        0.0012528266264092425,
        0.0007284728384853167,
        0.0010943356987689334,
        0.0006183204496530426,
        0.0009628412778517337,
        0.0006453235041667948,
        0.0015325295789498927,
        0.0011022118286382332,
        0.0014759116107055936,
        0.0006691155156733908,
        0.0013202492165896862,
        0.0018643060259931898,
        0.005390967721365936
      ],
      "sign_changes": 11,
      "ring_widths": [
        49.50554486300818,
        65.26495753509363,
        64.65608441226746,
        62.83834142252986,
        55.7637037772977,
        60.93165613635059,
        53.61850768178952,
        59.55053969136963,
        57.478182039856,
        66.52225078674098,
        58.30186785304007,
        59.39023618686181,
        50.92617890150099,
        60.31615545225821,
        59.82546146230837,
        68.89582949562536
      ],
      "betti2": -1,
      "homology": {
        "status": "skipped"
      }
    },
    "gate": {
      "gap": 0.03230994638952833,
      "gap_dev_pct": 168.5490787626872,
      "hd": 2.226542197342869e-13,
      "diss": true,
      "vf": 0.4482421875,
      "r_mean": 0.5314880609512329,
      "fresnel": 43.77245178473904,
      "fresnel_dev_pct": 39.01998234478615,